Saccade_Number;Start_Time;Left-Right_Saccade;Left-Right_Saccade_percentage;Radial_Saccade;Radial_Saccade_percentage;StartPosition_x;StartPosition_y;HeadsetNormedStartPosition_x;HeadsetNormedStartPosition_y;EndPosition_x;EndPosition_y;HeadsetNormedEndPosition_x;HeadsetNormedEndPosition_y;Saccade_Duration;Saccade_Magnitude;messages;
1;218.285;0;0;1;1;2.16;-36.95;13.32;-42.22;-13.506;-0.172;-2.533;-5.700;0.020;39.97;
2;218.431;0;0;0;0.5;-10.79;0.06;-1.19;-4.79;-11.810;2.416;-2.396;-2.355;0.013;2.57;
3;218.564;1;0.3333333;0;0.3333333;-8.42;2.00;-0.61;-2.04;-2.927;0.451;4.495;-3.345;0.025;5.71;
4;224.661;0;0.25;1;0.5;-0.47;4.77;-1.39;4.65;-8.665;10.737;-8.987;9.857;0.044;10.14;
5;224.731;0;0.2;0;0.4;-13.37;12.23;-13.21;10.78;-17.115;13.780;-16.300;11.817;0.031;4.05;
6;225.503;0;0.1666667;1;0.5;-20.43;12.91;-9.83;6.37;-26.401;15.273;-15.489;8.005;0.086;6.42;
7;225.759;0;0.1428571;0;0.4285714;-30.02;14.44;-17.91;5.68;-43.893;7.315;-30.769;-1.947;0.072;15.60;
8;227.602;0;0.125;0;0.375;-21.17;19.84;-5.27;10.69;-21.587;18.795;-5.777;9.667;0.021;1.12;
9;230.244;0;0.1111111;1;0.4444444;-16.64;15.82;-4.42;8.05;-14.342;13.420;-2.279;5.662;0.015;3.32;
