Saccade_Number;Start_Time;Left-Right_Saccade;Left-Right_Saccade_percentage;Radial_Saccade;Radial_Saccade_percentage;StartPosition_x;StartPosition_y;HeadsetNormedStartPosition_x;HeadsetNormedStartPosition_y;EndPosition_x;EndPosition_y;HeadsetNormedEndPosition_x;HeadsetNormedEndPosition_y;Saccade_Duration;Saccade_Magnitude;messages;
1;0.645;1;1;1;1;-10.30;-9.19;-19.49;-4.14;2.605;-10.164;-6.802;-5.333;0.027;12.94;
2;0.835;1;1;0;0.5;4.70;-9.55;-0.64;-4.27;-1.416;-9.619;-6.766;-4.307;0.021;6.12;
3;2.784;0;0.6666667;0;0.3333333;6.74;6.58;6.88;12.73;12.158;2.187;12.283;8.351;0.015;6.98;
4;5.156;1;0.75;1;0.5;-7.34;-5.07;-7.19;2.20;-4.064;-5.309;-3.933;1.957;0.014;3.29;
5;12.154;1;0.8;0;0.4;75.05;-5.94;-15.73;-1.54;71.865;-6.653;-19.115;-2.191;0.016;3.27;
6;20.571;0;0.6666667;0;0.3333333;12.55;0.33;-155.87;6.37;8.141;-1.317;-160.226;4.813;0.029;4.71;
7;30.561;0;0.5714286;0;0.2857143;59.20;-7.02;-41.78;-3.10;66.223;-4.366;-33.763;-0.577;0.020;7.51;
8;31.982;0;0.5;0;0.25;85.61;3.54;9.22;5.22;86.904;2.940;10.604;4.467;0.016;1.43;
9;32.755;1;0.5555556;0;0.2222222;87.69;2.29;7.69;4.02;85.352;1.819;5.245;3.629;0.014;2.38;
