Saccade_Number;Start_Time;Left-Right_Saccade;Left-Right_Saccade_percentage;Radial_Saccade;Radial_Saccade_percentage;StartPosition_x;StartPosition_y;HeadsetNormedStartPosition_x;HeadsetNormedStartPosition_y;EndPosition_x;EndPosition_y;HeadsetNormedEndPosition_x;HeadsetNormedEndPosition_y;Saccade_Duration;Saccade_Magnitude;messages;
1;0.020;1;1;1;1;0.00;-35.92;0.00;-35.92;3.030;-35.482;4.362;-13.323;0.333;3.06;
2;0.672;0;0.5;1;1;-6.53;-22.39;-5.10;-19.51;1.568;-5.698;-9.850;-2.356;0.192;18.55;
3;0.977;1;0.6666667;1;1;31.21;-12.62;31.61;-8.92;-8.305;-13.988;-3.438;-10.353;0.040;39.54;
4;1.145;0;0.5;1;1;-2.27;-18.55;2.90;-14.84;-2.896;-13.045;2.410;-9.264;0.031;5.54;
5;1.251;0;0.4;0;0.8;-2.10;-10.02;3.18;-6.23;-2.018;-9.965;3.211;-6.169;0.037;0.10;
6;1.321;0;0.3333333;0;0.6666667;-2.11;-9.83;2.99;-6.01;-1.959;-9.783;3.172;-5.971;0.030;0.15;
7;1.491;0;0.2857143;0;0.5714286;-2.08;-10.36;3.19;-6.50;-1.966;-10.826;3.275;-6.945;0.099;0.48;
8;1.819;0;0.25;0;0.5;-1.99;-11.06;2.66;-7.05;-2.083;-11.024;2.501;-6.995;0.029;0.10;
