Saccade_Number;Start_Time;Left-Right_Saccade;Left-Right_Saccade_percentage;Radial_Saccade;Radial_Saccade_percentage;StartPosition_x;StartPosition_y;HeadsetNormedStartPosition_x;HeadsetNormedStartPosition_y;EndPosition_x;EndPosition_y;HeadsetNormedEndPosition_x;HeadsetNormedEndPosition_y;Saccade_Duration;Saccade_Magnitude;messages;
1;0.495;1;1;1;1;19.82;-6.60;-15.42;3.25;30.255;-9.056;-5.080;0.900;0.111;10.72;
2;0.626;1;1;1;1;43.29;-7.45;30.74;2.87;20.748;-7.115;8.762;3.286;0.014;22.55;
3;1.341;1;1;0;0.6666667;9.74;-2.75;12.71;6.29;-3.366;-1.186;-0.415;7.859;0.016;13.20;
4;2.926;0;0.75;0;0.5;44.84;-13.09;13.10;-3.66;43.926;-16.095;12.170;-6.664;0.028;3.14;
5;13.938;0;0.6;0;0.4;83.34;-5.96;16.20;-3.77;80.066;-4.472;12.944;-2.290;0.017;3.59;
6;20.099;0;0.5;0;0.3333333;12.36;9.77;12.68;10.62;17.335;7.531;17.476;8.425;0.026;5.46;
7;21.103;0;0.4285714;0;0.2857143;22.43;-5.85;20.74;-3.72;18.915;-9.384;17.245;-7.120;0.024;4.99;
8;28.044;1;0.5;0;0.25;-60.80;-15.21;0.65;-14.50;-65.061;-13.935;-3.566;-13.183;0.025;4.45;
9;38.568;1;0.5555556;0;0.2222222;-17.57;-13.06;0.68;-7.18;-13.927;-11.982;4.305;-6.124;0.015;3.79;
