Saccade_Number;Start_Time;Left-Right_Saccade;Left-Right_Saccade_percentage;Radial_Saccade;Radial_Saccade_percentage;StartPosition_x;StartPosition_y;HeadsetNormedStartPosition_x;HeadsetNormedStartPosition_y;EndPosition_x;EndPosition_y;HeadsetNormedEndPosition_x;HeadsetNormedEndPosition_y;Saccade_Duration;Saccade_Magnitude;messages;
1;5.930;0;0;0;0;21.96;-13.37;13.72;-9.10;18.747;-17.893;10.519;-13.649;0.015;5.55;
2;12.322;0;0;0;0;-44.10;-2.66;19.40;0.26;-42.799;-7.339;20.610;-4.390;0.024;4.85;
3;39.415;0;0;0;0;-65.86;-8.61;-4.22;-7.12;-68.945;-6.529;-6.942;-5.200;0.014;3.72;
4;40.747;0;0;0;0;-87.97;1.49;-5.06;0.96;-84.289;4.023;-1.265;3.469;0.018;4.46;
5;43.100;1;0.2;0;0;-67.43;0.88;14.95;1.32;-65.639;-2.375;16.733;-1.935;0.013;3.72;
6;44.443;0;0.1666667;0;0;-66.01;-23.88;14.92;-22.27;-64.509;-25.279;16.428;-23.649;0.014;2.05;
7;44.999;0;0.1428571;0;0;-29.16;-44.54;51.92;-42.63;-39.335;-49.253;41.741;-47.341;0.015;11.21;
8;45.157;1;0.25;1;0.125;-73.95;-15.22;7.01;-13.49;-77.859;-9.313;3.062;-7.654;0.057;7.09;
9;46.158;0;0.2222222;0;0.1111111;-55.91;-18.37;23.06;-16.34;-63.286;-11.650;15.661;-9.598;0.028;9.98;
