Saccade_Number;Start_Time;Left-Right_Saccade;Left-Right_Saccade_percentage;Radial_Saccade;Radial_Saccade_percentage;StartPosition_x;StartPosition_y;HeadsetNormedStartPosition_x;HeadsetNormedStartPosition_y;EndPosition_x;EndPosition_y;HeadsetNormedEndPosition_x;HeadsetNormedEndPosition_y;Saccade_Duration;Saccade_Magnitude;messages;
1;552.811;0;0;1;1;-5.14;-33.79;-48.41;-39.70;33.904;10.356;-9.397;2.431;0.020;58.94;
2;553.290;0;0;0;0.5;26.57;12.38;-3.20;12.54;37.791;7.996;3.264;9.952;0.044;12.05;
3;553.365;0;0;0;0.3333333;42.81;6.21;5.56;9.16;46.999;4.738;6.654;8.833;0.043;4.44;
4;553.435;1;0.25;0;0.25;50.95;3.41;9.33;8.08;36.899;6.692;-5.319;11.809;0.029;14.43;
5;553.758;0;0.2;1;0.4;37.85;2.65;0.23;8.01;34.320;6.687;-3.537;12.404;0.033;5.36;
6;554.149;1;0.3333333;0;0.3333333;26.00;6.26;2.03;11.74;21.725;6.298;0.492;11.856;0.029;4.28;
7;554.288;1;0.4285714;0;0.2857143;15.56;5.98;-0.28;12.03;13.591;5.736;0.447;12.367;0.019;1.98;
