Saccade_Number;Start_Time;Left-Right_Saccade;Left-Right_Saccade_percentage;Radial_Saccade;Radial_Saccade_percentage;StartPosition_x;StartPosition_y;HeadsetNormedStartPosition_x;HeadsetNormedStartPosition_y;EndPosition_x;EndPosition_y;HeadsetNormedEndPosition_x;HeadsetNormedEndPosition_y;Saccade_Duration;Saccade_Magnitude;messages;
1;163.922;0;0;0;0;-1.89;-35.71;-8.01;-22.65;1.075;-0.401;-4.453;12.875;0.020;35.43;
2;164.261;1;0.5;1;0.5;-1.91;-0.45;-6.64;13.45;-3.873;0.087;-8.607;13.991;0.019;2.04;
3;164.453;1;0.6666667;0;0.3333333;-0.87;0.58;-5.56;14.48;-4.264;0.398;-8.875;14.290;0.022;3.40;
4;170.445;0;0.5;0;0.25;-0.36;6.83;-0.77;19.49;-2.917;16.802;-3.313;29.430;0.106;10.29;
5;172.146;0;0.4;1;0.4;-6.08;-4.03;-7.04;8.61;-8.344;15.589;-9.157;28.130;0.085;19.75;
6;173.146;0;0.3333333;0;0.3333333;-6.91;15.26;-7.39;27.96;-8.693;6.042;-9.244;18.791;0.093;9.39;
7;175.479;0;0.2857143;1;0.4285714;-6.03;-2.08;-6.60;11.08;-10.333;13.742;-10.869;26.700;0.157;16.40;
8;176.774;0;0.25;0;0.375;-12.69;10.15;-11.78;22.53;-14.559;5.068;-13.616;17.489;0.043;5.42;
