Saccade_Number;Start_Time;Left-Right_Saccade;Left-Right_Saccade_percentage;Radial_Saccade;Radial_Saccade_percentage;StartPosition_x;StartPosition_y;HeadsetNormedStartPosition_x;HeadsetNormedStartPosition_y;EndPosition_x;EndPosition_y;HeadsetNormedEndPosition_x;HeadsetNormedEndPosition_y;Saccade_Duration;Saccade_Magnitude;messages;
1;20.400;0;0;1;1;-1.50;-3.91;-5.46;-6.54;1.097;1.821;-2.916;0.708;0.033;6.30;
2;20.647;0;0;0;0.5;-4.02;-8.01;-7.71;-6.38;-1.566;-10.746;-4.176;-9.003;0.029;3.68;
3;20.861;0;0;0;0.3333333;2.80;-10.46;-0.66;-14.78;-1.474;-2.868;-4.836;-8.325;0.057;8.71;
4;21.222;1;0.25;0;0.25;-10.72;9.42;-88.72;3.68;31.967;11.894;28.545;6.020;0.081;42.76;
5;21.704;0;0.2;0;0.2;-3.57;5.89;-4.97;-1.31;1.912;-2.834;0.439;-10.075;0.043;10.30;
6;21.890;1;0.3333333;0;0.1666667;6.01;-1.33;4.20;-8.30;2.262;-1.259;0.424;-8.209;0.030;3.75;
7;22.061;1;0.4285714;0;0.1428571;13.48;3.94;11.89;-3.08;-2.851;-0.493;-4.428;-7.483;0.029;16.92;
8;22.144;0;0.375;1;0.25;3.24;-2.49;1.67;-9.45;3.453;2.523;1.876;-4.395;0.032;5.02;
9;22.202;0;0.3333333;1;0.3333333;2.52;7.86;0.90;0.97;14.054;1.994;12.412;-4.888;0.030;12.95;
