Saccade_Number;Start_Time;Left-Right_Saccade;Left-Right_Saccade_percentage;Radial_Saccade;Radial_Saccade_percentage;StartPosition_x;StartPosition_y;HeadsetNormedStartPosition_x;HeadsetNormedStartPosition_y;EndPosition_x;EndPosition_y;HeadsetNormedEndPosition_x;HeadsetNormedEndPosition_y;Saccade_Duration;Saccade_Magnitude;messages;
1;223.681;0;0;1;1;6.91;-41.55;25.02;-18.06;-15.399;-26.751;-3.552;0.292;0.020;26.77;
2;223.756;0;0;1;1;-6.75;-31.83;4.46;-2.78;-5.856;-33.939;6.366;-4.518;0.018;2.29;
3;223.791;1;0.3333333;0;0.6666667;-6.57;-34.31;7.33;-4.79;-8.002;-34.454;6.457;-5.954;0.027;1.44;
4;223.920;0;0.25;0;0.5;-8.96;-29.01;4.85;-7.47;-8.891;-26.462;4.378;-7.007;0.027;2.55;
5;224.019;0;0.2;0;0.4;-8.11;-20.28;3.63;-7.04;-7.698;-18.153;3.404;-7.181;0.028;2.16;
6;224.448;0;0.1666667;0;0.3333333;-3.10;-9.19;2.50;-6.05;-1.836;-7.970;2.654;-5.888;0.029;1.76;
7;225.061;0;0.1428571;0;0.2857143;9.84;-7.39;2.00;-5.72;11.197;-6.750;2.692;-5.334;0.016;1.50;
8;225.175;0;0.125;0;0.25;15.57;-4.48;1.96;-5.61;16.766;-3.900;2.433;-5.272;0.015;1.33;
