Saccade_Number;Start_Time;Left-Right_Saccade;Left-Right_Saccade_percentage;Radial_Saccade;Radial_Saccade_percentage;StartPosition_x;StartPosition_y;HeadsetNormedStartPosition_x;HeadsetNormedStartPosition_y;EndPosition_x;EndPosition_y;HeadsetNormedEndPosition_x;HeadsetNormedEndPosition_y;Saccade_Duration;Saccade_Magnitude;messages;
1;0.536;0;0;1;1;-7.17;-69.85;-4.34;-78.30;5.801;8.024;-0.536;1.109;0.109;78.95;
2;0.683;0;0;1;1;-0.41;-9.99;-0.92;-20.13;0.561;-3.641;-0.992;-14.397;0.039;6.43;
3;0.835;0;0;0;0.6666667;5.69;-2.32;5.80;-10.69;2.574;-1.174;2.898;-9.351;0.028;3.32;
4;1.954;1;0.25;1;0.75;-1.48;-3.00;2.07;-10.71;-13.530;-6.302;-10.138;-13.809;0.083;12.49;
5;2.408;1;0.4;0;0.6;-5.90;-7.89;-1.67;-15.76;3.041;-7.573;7.354;-15.588;0.085;8.95;
6;4.249;0;0.3333333;0;0.5;-2.71;5.54;1.50;-2.26;-2.054;9.948;2.305;1.922;0.055;4.46;
7;4.436;0;0.2857143;1;0.5714286;-0.08;9.14;4.20;1.03;4.840;-2.343;9.054;-10.352;0.026;12.49;
8;9.063;0;0.25;0;0.5;5.38;-13.29;2.41;-23.48;10.230;-4.459;6.517;-19.262;0.026;10.08;
9;11.603;0;0.2222222;0;0.4444444;27.83;9.60;13.36;-8.19;21.381;7.443;11.574;-8.806;0.075;6.80;
