Saccade_Number;Start_Time;Left-Right_Saccade;Left-Right_Saccade_percentage;Radial_Saccade;Radial_Saccade_percentage;StartPosition_x;StartPosition_y;HeadsetNormedStartPosition_x;HeadsetNormedStartPosition_y;EndPosition_x;EndPosition_y;HeadsetNormedEndPosition_x;HeadsetNormedEndPosition_y;Saccade_Duration;Saccade_Magnitude;messages;
1;0.552;0;0;1;1;20.87;-10.00;17.32;-3.48;5.328;-4.693;4.703;1.577;0.099;16.42;
2;0.673;0;0;0;0.5;0.48;-8.79;-3.15;-2.88;3.751;-2.035;-0.013;3.884;0.049;7.50;
3;4.424;0;0;1;0.6666667;6.55;-14.03;4.90;-7.22;4.965;-11.093;3.343;-4.264;0.023;3.34;
4;14.188;0;0;1;0.75;-48.08;-15.46;-11.25;-6.42;-41.895;-12.283;-5.069;-3.249;0.015;6.95;
5;18.663;1;0.2;0;0.6;-67.41;6.00;12.97;14.19;-57.665;3.400;22.727;11.736;0.047;10.09;
6;22.402;0;0.1666667;0;0.5;-53.31;-18.40;28.32;-7.37;-59.083;-14.694;22.533;-3.672;0.015;6.86;
7;39.953;1;0.2857143;0;0.4285714;-46.12;-6.88;77.83;2.76;-50.329;-7.230;72.684;2.414;0.016;4.22;
8;42.346;0;0.25;0;0.375;-62.93;-7.02;-11.94;-0.57;-63.752;-10.054;-13.443;-3.710;0.014;3.15;
9;44.675;1;0.3333333;1;0.4444444;-48.86;-7.54;-10.21;-5.92;-45.842;-7.618;-7.200;-5.921;0.014;3.02;
