Saccade_Number;Start_Time;Left-Right_Saccade;Left-Right_Saccade_percentage;Radial_Saccade;Radial_Saccade_percentage;StartPosition_x;StartPosition_y;HeadsetNormedStartPosition_x;HeadsetNormedStartPosition_y;EndPosition_x;EndPosition_y;HeadsetNormedEndPosition_x;HeadsetNormedEndPosition_y;Saccade_Duration;Saccade_Magnitude;messages;
1;0.498;0;0;0;0;-26.79;-29.28;-9.12;-18.20;-15.852;-10.675;-0.834;-11.230;0.170;21.58;
2;0.748;1;0.5;0;0;-12.20;-2.74;-169.71;8.14;20.878;-10.472;-136.295;-1.204;0.065;33.97;
3;7.542;1;0.6666667;0;0;38.21;6.46;5.23;-1.10;22.473;5.936;-7.373;-1.629;0.059;15.75;
4;9.428;0;0.5;0;0;-26.55;1.95;21.33;-5.27;-29.373;3.320;20.710;-3.757;0.027;3.14;
5;16.356;0;0.4;0;0;-29.19;-10.37;16.46;-2.93;-25.776;-13.731;22.350;-5.964;0.045;4.80;
6;18.170;1;0.5;0;0;-25.16;-26.62;-29.11;-4.32;-17.020;-25.660;-23.671;-3.542;0.070;8.20;
7;19.442;1;0.5714286;0;0;9.67;-27.43;-34.78;-13.97;16.359;-26.584;-28.503;-13.455;0.033;6.74;
8;24.857;0;0.5;1;0.125;-30.57;-26.56;12.41;-3.72;-32.755;-23.536;10.189;-0.725;0.031;3.73;
