Saccade_Number;Start_Time;Left-Right_Saccade;Left-Right_Saccade_percentage;Radial_Saccade;Radial_Saccade_percentage;StartPosition_x;StartPosition_y;HeadsetNormedStartPosition_x;HeadsetNormedStartPosition_y;EndPosition_x;EndPosition_y;HeadsetNormedEndPosition_x;HeadsetNormedEndPosition_y;Saccade_Duration;Saccade_Magnitude;messages;
1;0.474;1;1;0;0;31.66;-5.81;-9.70;0.24;46.213;-6.739;4.589;0.079;0.105;14.59;
2;0.741;0;0.5;1;0.5;14.98;-21.41;7.21;-14.66;9.428;-9.496;1.629;-2.794;0.060;13.15;
3;1.324;1;0.6666667;0;0.3333333;0.02;-0.03;1.28;6.72;29.352;3.320;-10.923;10.078;0.045;29.53;
4;3.554;1;0.75;1;0.5;33.74;-17.41;-6.20;-9.98;22.866;-16.857;-17.066;-9.427;0.013;10.88;
5;12.417;0;0.6;0;0.4;70.27;-14.20;28.31;-5.52;51.272;1.525;8.578;10.300;0.036;24.66;
6;13.080;0;0.5;0;0.3333333;58.48;-16.08;15.35;-7.54;56.763;-13.760;13.686;-5.286;0.016;2.88;
7;16.576;1;0.5714286;0;0.2857143;73.34;-13.26;10.03;-2.77;73.588;-14.686;8.903;-4.101;0.018;1.45;
8;25.140;1;0.625;0;0.25;78.83;3.63;7.60;9.49;83.133;-2.072;11.998;3.942;0.058;7.14;
