Saccade_Number;Start_Time;Left-Right_Saccade;Left-Right_Saccade_percentage;Radial_Saccade;Radial_Saccade_percentage;StartPosition_x;StartPosition_y;HeadsetNormedStartPosition_x;HeadsetNormedStartPosition_y;EndPosition_x;EndPosition_y;HeadsetNormedEndPosition_x;HeadsetNormedEndPosition_y;Saccade_Duration;Saccade_Magnitude;messages;
1;0.561;0;0;0;0;-9.82;-34.31;4.90;-24.92;-24.214;-19.156;-9.230;-10.145;0.018;20.90;
2;0.984;1;0.5;1;0.5;9.51;-17.72;11.01;-8.49;5.129;-16.260;6.632;-7.007;0.030;4.61;
3;3.937;0;0.3333333;0;0.3333333;5.87;-11.88;23.31;-2.78;6.225;-15.606;23.662;-6.495;0.028;3.74;
4;12.208;0;0.25;0;0.25;-5.72;-5.30;12.83;4.20;-3.250;-7.522;15.305;1.999;0.034;3.32;
5;16.764;1;0.4;0;0.2;-1.08;-10.82;17.55;-1.60;5.145;-12.885;23.775;-3.662;0.029;6.55;
6;29.807;1;0.5;0;0.1666667;-88.89;1.10;-20.16;5.15;-85.581;1.929;-16.854;5.970;0.013;3.41;
7;32.998;1;0.5714286;0;0.1428571;-69.15;-6.55;-0.28;-1.64;-63.260;-5.189;5.602;-0.275;0.024;6.04;
8;40.220;1;0.625;0;0.125;-9.64;-6.86;-0.48;-1.76;-4.234;-5.788;4.394;-0.678;0.029;5.52;
