Saccade_Number;Start_Time;Left-Right_Saccade;Left-Right_Saccade_percentage;Radial_Saccade;Radial_Saccade_percentage;StartPosition_x;StartPosition_y;HeadsetNormedStartPosition_x;HeadsetNormedStartPosition_y;EndPosition_x;EndPosition_y;HeadsetNormedEndPosition_x;HeadsetNormedEndPosition_y;Saccade_Duration;Saccade_Magnitude;messages;
1;554.627;0;0;0;0;3.74;-36.03;16.75;-22.35;-13.153;-19.941;-9.783;-12.231;0.020;23.32;
2;554.728;0;0;0;0;-3.06;-11.30;-4.94;-6.76;-0.666;-10.291;-4.810;-7.375;0.025;2.59;
3;555.432;1;0.3333333;1;0.3333333;-1.71;-0.96;-8.13;3.79;-8.066;-1.774;-13.234;4.052;0.028;6.41;
4;555.491;1;0.5;0;0.25;-13.37;-2.55;-16.87;4.48;-20.166;-3.270;-21.573;5.028;0.026;6.84;
5;555.545;0;0.4;0;0.2;-27.26;-3.76;-26.18;5.72;-30.592;-6.654;-26.846;3.813;0.078;4.41;
6;555.694;1;0.5;1;0.3333333;-31.75;-10.98;-25.16;0.36;-29.316;-10.700;-12.936;2.655;0.026;2.45;
7;556.002;0;0.4285714;0;0.2857143;-37.16;-13.44;-13.39;6.61;-36.077;-15.165;-12.661;5.727;0.030;2.03;
8;556.336;0;0.375;0;0.25;-23.71;-28.60;-6.36;0.18;-22.193;-30.173;-5.331;-1.081;0.025;2.19;
