Saccade_Number;Start_Time;Left-Right_Saccade;Left-Right_Saccade_percentage;Radial_Saccade;Radial_Saccade_percentage;StartPosition_x;StartPosition_y;HeadsetNormedStartPosition_x;HeadsetNormedStartPosition_y;EndPosition_x;EndPosition_y;HeadsetNormedEndPosition_x;HeadsetNormedEndPosition_y;Saccade_Duration;Saccade_Magnitude;messages;
1;110.490;0;0;0;0;1.07;-44.26;1.37;-42.88;17.206;1.909;17.406;3.343;0.020;48.91;
2;110.845;1;0.5;1;0.5;9.57;-0.55;9.66;0.90;3.988;-2.034;4.079;-0.601;0.026;5.77;
3;110.900;0;0.3333333;1;0.6666667;-0.45;-2.51;-0.36;-1.09;-2.055;-7.344;-1.960;-5.918;0.031;5.09;
4;111.258;0;0.25;0;0.5;1.98;-4.67;1.99;-3.23;2.191;-3.075;2.181;-1.630;0.030;1.61;
5;116.757;0;0.2;1;0.6;3.73;-3.63;2.82;0.68;1.821;-5.040;1.214;-0.066;0.042;2.37;
6;116.816;0;0.1666667;0;0.5;1.63;-7.13;1.10;-2.97;1.232;-5.846;0.527;-2.747;0.013;1.35;
7;116.986;0;0.1428571;1;0.5714286;0.97;4.35;0.89;-2.60;0.612;9.821;1.569;-3.730;0.085;5.49;
8;117.184;0;0.125;1;0.625;-2.60;16.57;1.48;-3.48;-3.562;19.148;1.522;-2.468;0.032;2.75;
9;117.272;0;0.1111111;0;0.5555556;-4.35;22.30;1.24;-2.69;-4.084;24.260;1.506;-2.650;0.035;1.97;
