Saccade_Number;Start_Time;Left-Right_Saccade;Left-Right_Saccade_percentage;Radial_Saccade;Radial_Saccade_percentage;StartPosition_x;StartPosition_y;HeadsetNormedStartPosition_x;HeadsetNormedStartPosition_y;EndPosition_x;EndPosition_y;HeadsetNormedEndPosition_x;HeadsetNormedEndPosition_y;Saccade_Duration;Saccade_Magnitude;messages;
1;0.507;1;1;1;1;13.16;-1.82;9.65;-0.10;5.300;-0.477;1.986;0.521;0.052;7.97;
2;11.520;1;1;0;0.5;43.10;3.22;0.83;1.30;51.717;2.894;0.630;1.422;0.152;8.62;
3;19.647;1;1;0;0.3333333;60.57;-3.59;2.32;1.29;50.645;-3.028;2.575;1.208;0.180;9.94;
4;21.935;1;1;0;0.25;11.14;0.29;2.47;1.18;8.268;0.946;2.381;1.137;0.055;2.94;
5;22.448;1;1;1;0.4;-11.27;1.68;5.96;1.75;-20.557;0.593;2.390;1.451;0.101;9.36;
6;25.508;1;1;1;0.5;-43.75;-0.48;3.08;1.28;-57.607;-0.714;2.306;1.378;0.182;13.86;
7;27.291;1;1;0;0.4285714;-67.34;-1.21;0.96;1.42;-52.622;-2.472;0.116;1.418;0.197;14.77;
8;27.549;1;1;1;0.5;-49.39;-2.61;-5.96;1.40;-33.624;-2.361;1.076;1.272;0.128;15.77;
