Saccade_Number;Start_Time;Left-Right_Saccade;Left-Right_Saccade_percentage;Radial_Saccade;Radial_Saccade_percentage;StartPosition_x;StartPosition_y;HeadsetNormedStartPosition_x;HeadsetNormedStartPosition_y;EndPosition_x;EndPosition_y;HeadsetNormedEndPosition_x;HeadsetNormedEndPosition_y;Saccade_Duration;Saccade_Magnitude;messages;
1;341.266;0;0;1;1;-2.84;-34.15;4.93;-24.61;-4.061;-5.474;3.726;3.578;0.020;28.70;
2;347.605;1;0.5;1;1;19.17;3.61;15.15;10.65;10.004;1.558;5.464;8.671;0.028;9.39;
3;355.990;0;0.3333333;0;0.6666667;-33.73;-16.55;-26.49;-9.34;-35.122;-19.997;-27.872;-12.781;0.015;3.72;
4;356.649;0;0.25;1;0.75;-22.31;-23.43;-15.31;-16.25;-7.683;-16.153;-0.699;-9.033;0.028;16.33;
5;358.989;0;0.2;0;0.6;21.89;-23.02;27.94;-14.57;17.322;-26.589;23.371;-18.143;0.016;5.80;
6;360.860;0;0.1666667;0;0.5;-26.78;-25.53;-20.29;-17.02;-24.774;-23.264;-18.290;-14.768;0.020;3.03;
7;361.179;1;0.2857143;1;0.5714286;-19.32;-19.38;-13.02;-10.94;-5.904;-15.332;0.377;-6.889;0.083;14.02;
