Saccade_Number;Start_Time;Left-Right_Saccade;Left-Right_Saccade_percentage;Radial_Saccade;Radial_Saccade_percentage;StartPosition_x;StartPosition_y;HeadsetNormedStartPosition_x;HeadsetNormedStartPosition_y;EndPosition_x;EndPosition_y;HeadsetNormedEndPosition_x;HeadsetNormedEndPosition_y;Saccade_Duration;Saccade_Magnitude;messages;
1;549.176;0;0;0;0;4.28;-36.07;5.93;-33.42;-24.869;0.985;-23.302;3.511;0.020;47.15;
2;549.226;1;0.5;0;0;-19.29;1.36;-17.80;3.87;-16.249;1.549;-14.769;4.054;0.020;3.05;
3;549.273;1;0.6666667;1;0.3333333;-11.73;0.93;-10.27;3.42;-9.785;1.277;-8.330;3.763;0.028;1.98;
4;549.323;1;0.75;1;0.5;-7.07;1.41;-5.61;3.89;-3.885;1.199;-2.442;3.671;0.022;3.19;
5;549.372;1;0.8;0;0.4;0.19;0.89;1.62;3.35;2.799;0.681;4.227;3.141;0.014;2.62;
6;549.429;0;0.6666667;1;0.5;4.40;1.10;5.81;3.53;1.924;0.000;3.332;2.406;0.028;2.71;
7;551.233;0;0.5714286;0;0.4285714;13.77;-31.83;9.92;-15.83;13.011;-36.434;9.214;-20.014;0.024;4.67;
8;551.516;0;0.5;0;0.375;13.71;-33.50;10.94;-12.57;13.468;-35.840;10.876;-14.405;0.031;2.36;
9;551.785;0;0.4444444;0;0.3333333;4.53;-55.98;2.33;-28.25;4.567;-57.967;2.329;-29.716;0.013;1.99;
