Frame_Number;Time;Total_Angles_x;Total_Angles_y;isSaccade;isSaccadeLeftRight;isSaccaderRadial;Head_Rotation_x;Head_Rotation_y;Head_Position;messages;
1;0.000;0;0;0;0;0;0;0;(0.0, 1.6, 0.0)
2;0.020;70.47953;-19.52042;1;1;1;0;0;(0.0, 1.6, 0.0)SaccadeStart;
4;0.452;0;-35.91506;1;0;1;-42.01199;14.50488;(9180.4, -7026.5, -18064.2)
5;0.543;2.990074;-68.35542;1;0;1;-37.99908;14.63321;(9180.4, -7026.5, -18064.2)
7;0.613;-31.13903;9.872209;1;1;1;-38.05136;14.33786;(9180.4, -7026.5, -18064.2)
10;0.698;-27.30173;9.297495;1;1;1;-6.244415;14.14847;(9180.5, -7026.5, -18064.2)
42;1.668;3.408085;9.111923;1;0;0;-8.756744;11.62924;(9180.4, -7026.5, -18064.2)
