Saccade_Number;Start_Time;Left-Right_Saccade;Left-Right_Saccade_percentage;Radial_Saccade;Radial_Saccade_percentage;StartPosition_x;StartPosition_y;HeadsetNormedStartPosition_x;HeadsetNormedStartPosition_y;EndPosition_x;EndPosition_y;HeadsetNormedEndPosition_x;HeadsetNormedEndPosition_y;Saccade_Duration;Saccade_Magnitude;messages;
1;0.483;1;1;1;1;0.75;-9.23;-0.75;-1.39;7.820;-10.981;6.665;-2.931;0.080;7.28;
2;0.678;1;1;1;1;11.85;-16.94;14.45;-8.83;5.580;-17.355;8.147;-9.181;0.019;6.28;
3;2.438;0;0.6666667;0;0.6666667;-10.33;5.91;-7.47;13.13;0.983;1.020;3.811;8.239;0.017;12.33;
4;8.484;0;0.5;0;0.5;48.13;-12.37;20.67;-4.71;51.096;-13.513;22.533;-6.059;0.026;3.18;
5;21.452;0;0.4;0;0.4;56.47;1.00;-59.29;8.77;50.314;-2.223;-65.704;5.572;0.073;6.95;
6;22.611;1;0.5;0;0.3333333;41.47;-11.64;-73.93;-3.58;53.976;-10.522;-61.347;-2.400;0.042;12.56;
7;36.652;1;0.5714286;0;0.2857143;77.72;-11.82;-9.90;-3.29;75.387;-12.482;-12.236;-3.947;0.015;2.43;
8;38.821;1;0.625;1;0.375;53.37;-10.52;-4.88;-0.11;49.904;-11.253;-8.083;-0.842;0.015;3.54;
9;39.551;1;0.6666667;1;0.4444444;40.16;-7.37;-2.30;0.69;36.288;-7.118;-5.979;0.872;0.015;3.88;
