Saccade_Number;Start_Time;Left-Right_Saccade;Left-Right_Saccade_percentage;Radial_Saccade;Radial_Saccade_percentage;StartPosition_x;StartPosition_y;HeadsetNormedStartPosition_x;HeadsetNormedStartPosition_y;EndPosition_x;EndPosition_y;HeadsetNormedEndPosition_x;HeadsetNormedEndPosition_y;Saccade_Duration;Saccade_Magnitude;messages;
1;96.901;0;0;1;1;-1.30;-34.49;-3.39;-33.23;2.663;-2.259;2.009;-0.276;0.020;32.47;
2;103.516;0;0;0;0.5;10.45;10.31;10.25;9.55;18.177;7.027;17.954;6.303;0.025;8.40;
3;104.952;1;0.3333333;0;0.3333333;-3.96;11.74;-4.43;11.01;9.463;12.858;8.996;12.162;0.086;13.47;
4;108.727;0;0.25;1;0.5;-8.52;1.32;6.57;1.22;-3.974;-0.373;11.080;-0.463;0.030;4.85;
5;112.208;0;0.2;0;0.4;-38.74;-24.80;-24.08;-23.77;-37.577;-29.793;-22.833;-28.611;0.021;5.12;
6;115.424;1;0.3333333;0;0.3333333;-1.47;-32.87;12.77;-30.86;-6.157;-31.419;8.070;-29.414;0.017;4.91;
7;118.666;0;0.2857143;1;0.4285714;-3.45;3.88;10.67;5.48;-2.416;11.353;11.701;12.971;0.015;7.55;
