Saccade_Number;Start_Time;Left-Right_Saccade;Left-Right_Saccade_percentage;Radial_Saccade;Radial_Saccade_percentage;StartPosition_x;StartPosition_y;HeadsetNormedStartPosition_x;HeadsetNormedStartPosition_y;EndPosition_x;EndPosition_y;HeadsetNormedEndPosition_x;HeadsetNormedEndPosition_y;Saccade_Duration;Saccade_Magnitude;messages;
1;487.784;0;0;1;1;-2.51;-34.43;5.81;-29.67;-7.271;-0.762;0.969;4.158;0.020;34.00;
2;494.231;1;0.5;0;0.5;-10.45;3.61;1.56;8.81;-20.752;5.210;-8.764;10.418;0.020;10.43;
3;494.477;1;0.6666667;0;0.3333333;-23.53;5.05;-11.28;10.00;-26.924;5.654;-14.421;10.530;0.017;3.45;
4;496.107;1;0.75;0;0.25;-31.95;7.76;-19.18;12.57;-22.570;8.232;-9.802;13.041;0.016;9.39;
5;496.232;1;0.8;0;0.2;-17.34;8.57;-4.47;13.45;-13.602;8.193;-0.741;13.067;0.019;3.75;
6;497.199;0;0.6666667;0;0.1666667;7.43;4.36;19.34;9.26;10.596;2.184;22.508;7.106;0.021;3.84;
7;499.079;1;0.7142857;1;0.2857143;11.52;1.42;14.42;6.25;2.676;2.112;5.644;6.959;0.030;8.87;
8;499.607;1;0.75;1;0.375;-13.21;0.68;-9.68;5.50;-17.530;-0.036;-13.965;4.786;0.015;4.38;
9;507.851;1;0.7777778;0;0.3333333;-26.97;-30.39;-17.22;-23.30;-33.386;-32.396;-23.733;-25.692;0.028;6.72;
