Saccade_Number;Start_Time;Left-Right_Saccade;Left-Right_Saccade_percentage;Radial_Saccade;Radial_Saccade_percentage;StartPosition_x;StartPosition_y;HeadsetNormedStartPosition_x;HeadsetNormedStartPosition_y;EndPosition_x;EndPosition_y;HeadsetNormedEndPosition_x;HeadsetNormedEndPosition_y;Saccade_Duration;Saccade_Magnitude;messages;
1;41.194;0;0;0;0;-0.19;-44.07;-5.85;-40.77;11.259;-17.289;5.992;-14.226;0.020;29.13;
2;41.254;0;0;0;0;8.23;-13.04;3.01;-10.17;-2.227;-0.666;-7.335;2.113;0.019;16.20;
3;47.108;0;0;0;0;-11.05;-7.09;-5.77;-0.95;-12.151;-4.334;-5.249;-2.494;0.057;2.97;
4;47.251;0;0;0;0;-9.91;1.44;-5.51;-1.84;-10.546;3.082;-5.803;-1.016;0.017;1.76;
5;47.324;0;0;1;0.2;-11.60;5.52;-5.23;-1.76;-13.075;7.532;-4.558;-1.083;0.041;2.50;
6;47.523;1;0.1666667;1;0.3333333;-19.13;9.94;-3.75;-1.48;-22.074;10.823;-5.092;-1.185;0.043;3.07;
7;50.348;0;0.1428571;0;0.2857143;-14.49;22.02;-105.28;109.81;0.542;-85.794;-149.293;-0.244;0.043;108.85;
8;50.408;0;0.125;0;0.25;0.41;-81.36;-152.45;2.60;1.233;-79.144;-155.662;3.465;0.045;2.36;
