Saccade_Number;Start_Time;Left-Right_Saccade;Left-Right_Saccade_percentage;Radial_Saccade;Radial_Saccade_percentage;StartPosition_x;StartPosition_y;HeadsetNormedStartPosition_x;HeadsetNormedStartPosition_y;EndPosition_x;EndPosition_y;HeadsetNormedEndPosition_x;HeadsetNormedEndPosition_y;Saccade_Duration;Saccade_Magnitude;messages;
1;244.031;0;0;0;0;-2.94;-34.53;-0.36;-30.85;7.818;-3.584;14.331;-0.357;0.020;32.77;
2;250.268;1;0.5;1;0.5;9.76;6.74;13.52;6.20;5.837;6.766;8.759;6.289;0.015;3.92;
3;250.367;1;0.6666667;0;0.3333333;5.37;7.19;3.28;6.71;11.622;6.664;9.271;6.163;0.015;6.27;
4;250.572;1;0.75;1;0.5;39.36;8.58;84.40;7.66;-44.909;5.662;-0.990;4.680;0.027;84.32;
5;258.086;0;0.6;1;0.6;-15.32;-9.36;9.39;-6.81;-17.248;-6.780;7.478;-4.215;0.020;3.22;
6;262.455;0;0.5;0;0.5;-40.67;-30.57;-14.44;-22.65;-37.302;-29.120;-11.065;-21.199;0.015;3.66;
7;263.825;0;0.4285714;0;0.4285714;-11.54;-21.44;14.15;-12.49;-11.110;-25.733;14.583;-16.779;0.015;4.32;
8;267.697;1;0.5;1;0.5;24.84;-16.57;23.79;-7.69;11.834;-16.520;10.836;-7.716;0.017;13.00;
9;267.728;1;0.5555556;0;0.4444444;25.84;-14.49;24.89;-5.77;18.026;-16.954;17.192;-8.411;0.028;8.20;
