Saccade_Number;Start_Time;Left-Right_Saccade;Left-Right_Saccade_percentage;Radial_Saccade;Radial_Saccade_percentage;StartPosition_x;StartPosition_y;HeadsetNormedStartPosition_x;HeadsetNormedStartPosition_y;EndPosition_x;EndPosition_y;HeadsetNormedEndPosition_x;HeadsetNormedEndPosition_y;Saccade_Duration;Saccade_Magnitude;messages;
1;72.911;0;0;0;0;-1.33;-34.01;-2.06;-14.33;10.202;-18.565;11.289;-0.434;0.020;19.28;
2;79.337;1;0.5;1;0.5;10.26;12.07;10.36;5.69;5.886;11.517;6.124;5.650;0.026;4.40;
3;86.235;0;0.3333333;0;0.3333333;9.12;-5.59;21.15;-1.50;7.409;-8.444;19.446;-4.339;0.015;3.33;
4;87.139;1;0.5;1;0.5;-0.84;-6.30;11.33;-2.45;-9.783;-5.684;2.369;-1.860;0.085;8.97;
5;89.764;0;0.4;0;0.4;13.82;-18.91;25.49;-14.12;12.063;-22.790;23.738;-17.981;0.028;4.26;
6;92.435;0;0.3333333;0;0.3333333;-36.85;-22.81;-25.06;-16.79;-35.565;-20.162;-23.775;-14.164;0.015;2.94;
7;95.625;1;0.4285714;1;0.4285714;2.18;-10.96;13.17;-4.76;-3.816;-9.466;7.318;-3.299;0.025;6.18;
8;97.419;1;0.5;0;0.375;-16.61;-2.66;-3.66;2.39;-25.142;-3.207;-12.653;1.898;0.072;8.55;
