Saccade_Number;Start_Time;Left-Right_Saccade;Left-Right_Saccade_percentage;Radial_Saccade;Radial_Saccade_percentage;StartPosition_x;StartPosition_y;HeadsetNormedStartPosition_x;HeadsetNormedStartPosition_y;EndPosition_x;EndPosition_y;HeadsetNormedEndPosition_x;HeadsetNormedEndPosition_y;Saccade_Duration;Saccade_Magnitude;messages;
1;136.682;0;0;0;0;0.09;-36.22;-12.40;-19.04;8.544;-5.761;-3.801;9.074;0.020;31.61;
2;136.731;0;0;0;0;10.47;-5.20;-1.70;7.43;11.685;-1.870;-0.412;9.953;0.016;3.54;
3;137.008;1;0.3333333;0;0;6.31;-0.65;-4.75;8.70;4.263;-0.731;-6.865;8.878;0.030;2.05;
4;143.090;0;0.25;1;0.25;-16.72;2.54;-6.80;12.42;-15.604;2.042;-5.957;11.922;0.015;1.22;
5;143.407;0;0.2;0;0.2;-15.45;-1.24;-5.92;9.06;-11.862;4.338;-2.334;14.638;0.016;6.63;
6;144.123;1;0.3333333;0;0.1666667;-8.00;5.96;-7.83;15.67;-1.387;6.680;-1.171;16.331;0.055;6.65;
7;145.068;0;0.2857143;1;0.2857143;-0.38;3.99;-4.95;13.95;-1.281;-0.830;-5.689;9.235;0.038;4.90;
8;146.931;0;0.25;1;0.375;1.44;0.76;-2.30;8.48;1.667;3.975;-2.071;11.498;0.048;3.23;
9;147.639;0;0.2222222;1;0.4444444;0.05;-1.39;-3.88;6.22;0.537;-3.719;-3.397;3.889;0.016;2.38;
