Saccade_Number;Start_Time;Left-Right_Saccade;Left-Right_Saccade_percentage;Radial_Saccade;Radial_Saccade_percentage;StartPosition_x;StartPosition_y;HeadsetNormedStartPosition_x;HeadsetNormedStartPosition_y;EndPosition_x;EndPosition_y;HeadsetNormedEndPosition_x;HeadsetNormedEndPosition_y;Saccade_Duration;Saccade_Magnitude;messages;
1;69.413;0;0;1;1;4.61;-44.23;-13.95;-46.21;23.059;-7.915;5.365;-6.871;0.020;40.73;
2;69.681;0;0;1;1;19.55;-23.36;0.65;-26.27;23.832;-8.246;4.765;-11.866;0.032;15.71;
3;69.737;0;0;0;0.6666667;19.98;-33.07;0.72;-37.20;20.721;-29.314;1.337;-33.560;0.028;3.83;
4;70.051;1;0.25;0;0.5;13.14;-21.55;-4.28;-20.84;5.986;-19.198;-10.633;-18.341;0.037;7.53;
5;70.113;0;0.2;0;0.4;1.97;-18.10;-13.88;-17.16;-1.151;-16.387;-16.433;-15.285;0.029;3.56;
6;70.398;0;0.1666667;0;0.3333333;-0.41;-18.93;-14.64;-21.69;-3.234;-13.318;-17.034;-21.506;0.025;6.28;
7;71.666;0;0.1428571;0;0.2857143;2.61;-3.54;-17.91;-15.05;6.136;-6.801;-16.090;-17.581;0.057;4.80;
